-- phpMyAdmin SQL Dump
-- version 4.8.1
-- https://www.phpmyadmin.net/
--
-- 主機: 127.0.0.1:3306
-- 產生時間： 2018 年 06 月 04 日 17:35
-- 伺服器版本: 8.0.11
-- PHP 版本： 7.0.30-0ubuntu0.16.04.1

SET SQL_MODE = "NO_AUTO_VALUE_ON_ZERO";
SET AUTOCOMMIT = 0;
START TRANSACTION;
SET time_zone = "+00:00";


/*!40101 SET @OLD_CHARACTER_SET_CLIENT=@@CHARACTER_SET_CLIENT */;
/*!40101 SET @OLD_CHARACTER_SET_RESULTS=@@CHARACTER_SET_RESULTS */;
/*!40101 SET @OLD_COLLATION_CONNECTION=@@COLLATION_CONNECTION */;
/*!40101 SET NAMES utf8mb4 */;

--
-- 資料庫： `javahsr`
--
CREATE DATABASE IF NOT EXISTS `javahsr` DEFAULT CHARACTER SET utf8mb4 COLLATE utf8mb4_0900_ai_ci;
USE `javahsr`;

-- --------------------------------------------------------

--
-- 資料表結構 `booking`
--

CREATE TABLE `booking` (
  `code` int(11) NOT NULL,
  `uid` varchar(20) CHARACTER SET utf8 COLLATE utf8_bin NOT NULL,
  `date` date NOT NULL,
  `ticketsType` varchar(10) CHARACTER SET utf8 COLLATE utf8_bin NOT NULL,
  `ticketsCount` int(11) NOT NULL,
  `start` varchar(10) CHARACTER SET utf8 COLLATE utf8_bin NOT NULL,
  `end` varchar(10) CHARACTER SET utf8 COLLATE utf8_bin NOT NULL,
  `seats` varchar(20) CHARACTER SET utf8 COLLATE utf8_bin NOT NULL,
  `payDeadline` date NOT NULL,
  `payment` int(11) NOT NULL
) ENGINE=InnoDB DEFAULT CHARSET=utf8mb4 COLLATE=utf8mb4_0900_ai_ci;

-- --------------------------------------------------------

--
-- 資料表結構 `earlyDiscount`
--

CREATE TABLE `earlyDiscount` (
  `TrainNo` varchar(10) CHARACTER SET utf8 COLLATE utf8_bin NOT NULL,
  `Day` varchar(10) CHARACTER SET utf8 COLLATE utf8_bin NOT NULL,
  `discount` double NOT NULL,
  `tickets` int(11) DEFAULT NULL
) ENGINE=InnoDB DEFAULT CHARSET=utf8mb4 COLLATE=utf8mb4_0900_ai_ci;

--
-- 資料表的匯出資料 `earlyDiscount`
--

INSERT INTO `earlyDiscount` (`TrainNo`, `Day`, `discount`, `tickets`) VALUES
('0583', 'Monday', 0.65, 10),
('0583', 'Monday', 0.8, 20),
('0583', 'Monday', 0.9, 150),
('0583', 'Tuesday', 0.65, 10),
('0583', 'Tuesday', 0.8, 20),
('0583', 'Tuesday', 0.9, 150),
('0583', 'Wednesday', 0.65, 10),
('0583', 'Wednesday', 0.8, 20),
('0583', 'Wednesday', 0.9, 150),
('0583', 'Thursday', 0.65, 10),
('0583', 'Thursday', 0.8, 20),
('0583', 'Thursday', 0.9, 150),
('0583', 'Friday', 0.65, 10),
('0583', 'Friday', 0.8, 20),
('0583', 'Friday', 0.9, 150),
('0583', 'Saturday', 0.65, 10),
('0583', 'Saturday', 0.8, 20),
('0583', 'Saturday', 0.9, 150),
('0583', 'Sunday', 0.65, 10),
('0583', 'Sunday', 0.8, 20),
('0583', 'Sunday', 0.9, 150),
('0803', 'Monday', 0.65, 10),
('0803', 'Monday', 0.8, 20),
('0803', 'Monday', 0.9, 20),
('0803', 'Tuesday', 0.65, 10),
('0803', 'Tuesday', 0.8, 20),
('0803', 'Tuesday', 0.9, 20),
('0803', 'Wednesday', 0.65, 10),
('0803', 'Wednesday', 0.8, 20),
('0803', 'Wednesday', 0.9, 150),
('0803', 'Thursday', 0.65, 10),
('0803', 'Thursday', 0.8, 20),
('0803', 'Thursday', 0.9, 20),
('0803', 'Friday', 0.65, 10),
('0803', 'Friday', 0.8, 20),
('0803', 'Friday', 0.9, 20),
('0803', 'Saturday', 1, NULL),
('0803', 'Sunday', 0.65, 10),
('0803', 'Sunday', 0.8, 20),
('0803', 'Sunday', 0.9, 150),
('0805', 'Monday', 0.8, 20),
('0805', 'Monday', 0.9, 30),
('0805', 'Tuesday', 0.65, 10),
('0805', 'Tuesday', 0.8, 20),
('0805', 'Tuesday', 0.9, 30),
('0805', 'Wednesday', 0.65, 10),
('0805', 'Wednesday', 0.8, 20),
('0805', 'Wednesday', 0.9, 30),
('0805', 'Thursday', 0.8, 20),
('0805', 'Thursday', 0.9, 30),
('0805', 'Friday', 0.8, 20),
('0805', 'Friday', 0.9, 30),
('0805', 'Saturday', 1, NULL),
('0805', 'Sunday', 0.65, 10),
('0805', 'Sunday', 0.8, 20),
('0805', 'Sunday', 0.9, 30),
('1505', 'Monday', 0.8, 20),
('1505', 'Monday', 0.9, 30),
('1505', 'Tuesday', 0.8, 20),
('1505', 'Tuesday', 0.9, 30),
('1505', 'Wednesday', 0.8, 20),
('1505', 'Wednesday', 0.9, 30),
('1505', 'Thursday', 0.8, 20),
('1505', 'Thursday', 0.9, 30),
('1505', 'Friday', 0.8, 20),
('1505', 'Friday', 0.9, 30),
('1505', 'Saturday', 1, NULL),
('0821', 'Monday', 0.65, 10),
('0821', 'Monday', 0.8, 20),
('0821', 'Monday', 0.9, 30),
('0821', 'Tuesday', 0.65, 10),
('0821', 'Tuesday', 0.8, 20),
('0821', 'Tuesday', 0.9, 30),
('0821', 'Wednesday', 0.65, 10),
('0821', 'Wednesday', 0.8, 20),
('0821', 'Wednesday', 0.9, 30),
('0821', 'Thursday', 0.65, 10),
('0821', 'Thursday', 0.8, 20),
('0821', 'Thursday', 0.9, 30),
('0821', 'Friday', 0.8, 20),
('0821', 'Friday', 0.9, 30),
('0821', 'Saturday', 0.8, 20),
('0821', 'Saturday', 0.9, 30),
('0821', 'Sunday', 0.65, 10),
('0821', 'Sunday', 0.8, 20),
('0821', 'Sunday', 0.9, 30),
('0829', 'Monday', 0.65, 10),
('0829', 'Monday', 0.8, 20),
('0829', 'Monday', 0.9, 20),
('0829', 'Tuesday', 0.65, 10),
('0829', 'Tuesday', 0.8, 20),
('0829', 'Tuesday', 0.9, 20),
('0829', 'Wednesday', 0.65, 10),
('0829', 'Wednesday', 0.8, 20),
('0829', 'Wednesday', 0.9, 20),
('0829', 'Thursday', 0.8, 20),
('0829', 'Thursday', 0.9, 30),
('0829', 'Friday', 0.65, 10),
('0829', 'Friday', 0.8, 20),
('0829', 'Friday', 0.9, 20),
('0829', 'Saturday', 0.65, 10),
('0829', 'Saturday', 0.8, 20),
('0829', 'Saturday', 0.9, 20),
('0829', 'Sunday', 0.65, 10),
('0829', 'Sunday', 0.8, 20),
('0829', 'Sunday', 0.9, 20),
('0845', 'Monday', 0.65, 10),
('0845', 'Monday', 0.8, 20),
('0845', 'Monday', 0.9, 30),
('0845', 'Tuesday', 0.65, 10),
('0845', 'Tuesday', 0.8, 20),
('0845', 'Tuesday', 0.9, 30),
('0845', 'Wednesday', 0.65, 10),
('0845', 'Wednesday', 0.8, 20),
('0845', 'Wednesday', 0.9, 30),
('0845', 'Thursday', 0.65, 10),
('0845', 'Thursday', 0.8, 20),
('0845', 'Thursday', 0.9, 30),
('0845', 'Friday', 1, NULL),
('0845', 'Saturday', 0.65, 10),
('0845', 'Saturday', 0.8, 20),
('0845', 'Saturday', 0.9, 30),
('0845', 'Sunday', 1, NULL),
('0849', 'Monday', 0.65, 10),
('0849', 'Monday', 0.8, 20),
('0849', 'Monday', 0.9, 20),
('0849', 'Tuesday', 0.65, 10),
('0849', 'Tuesday', 0.8, 20),
('0849', 'Tuesday', 0.9, 20),
('0849', 'Wednesday', 0.65, 10),
('0849', 'Wednesday', 0.8, 20),
('0849', 'Wednesday', 0.9, 20),
('0849', 'Thursday', 0.65, 10),
('0849', 'Thursday', 0.8, 20),
('0849', 'Thursday', 0.9, 20),
('0849', 'Friday', 1, NULL),
('0849', 'Saturday', 0.65, 10),
('0849', 'Saturday', 0.8, 20),
('0849', 'Saturday', 0.9, 20),
('0849', 'Sunday', 1, NULL),
('1685', 'Friday', 1, NULL),
('1685', 'Saturday', 0.7, NULL),
('1685', 'Sunday', 1, NULL),
('1557', 'Friday', 0.85, NULL),
('1557', 'Sunday', 0.85, NULL),
('0861', 'Monday', 0.7, NULL),
('0861', 'Tuesday', 0.7, NULL),
('0861', 'Wednesday', 0.7, NULL),
('0861', 'Thursday', 0.7, NULL),
('0861', 'Friday', 1, NULL),
('0861', 'Saturday', 0.7, NULL),
('0861', 'Sunday', 0.85, NULL),
('0693', 'Monday', 0.7, NULL),
('0693', 'Tuesday', 0.7, NULL),
('0693', 'Wednesday', 0.7, NULL),
('0693', 'Thursday', 0.7, NULL),
('0693', 'Friday', 1, NULL),
('0693', 'Saturday', 0.7, NULL),
('0693', 'Sunday', 1, NULL),
('0333', 'Monday', 0.5, NULL),
('0333', 'Tuesday', 0.5, NULL),
('0333', 'Wednesday', 0.5, NULL),
('0333', 'Thursday', 0.7, NULL),
('0333', 'Friday', 0.85, NULL),
('0333', 'Saturday', 0.7, NULL),
('0333', 'Sunday', 0.85, NULL),
('1563', 'Friday', 0.85, NULL),
('1563', 'Sunday', 0.7, NULL),
('0295', 'Monday', 0.7, NULL),
('0295', 'Tuesday', 0.7, NULL),
('0295', 'Wednesday', 0.7, NULL),
('0295', 'Thursday', 0.7, NULL),
('0295', 'Friday', 1, NULL),
('0295', 'Saturday', 1, NULL),
('0295', 'Sunday', 1, NULL),
('0565', 'Monday', 0.5, NULL),
('0565', 'Tuesday', 0.5, NULL),
('0565', 'Wednesday', 0.5, NULL),
('0565', 'Thursday', 0.5, NULL),
('0565', 'Friday', 0.85, NULL),
('0565', 'Saturday', 0.7, NULL),
('0565', 'Sunday', 0.7, NULL),
('0567', 'Monday', 0.5, NULL),
('0567', 'Tuesday', 0.5, NULL),
('0567', 'Wednesday', 0.5, NULL),
('0567', 'Thursday', 0.5, NULL),
('0567', 'Friday', 0.85, NULL),
('0567', 'Saturday', 0.7, NULL),
('0567', 'Sunday', 0.7, NULL),
('0502', 'Monday', 1, NULL),
('0502', 'Tuesday', 0.7, NULL),
('0502', 'Wednesday', 0.7, NULL),
('0502', 'Thursday', 0.7, NULL),
('0502', 'Friday', 0.7, NULL),
('0502', 'Saturday', 0.7, NULL),
('0502', 'Sunday', 0.7, NULL),
('1504', 'Monday', 0.7, NULL),
('1504', 'Tuesday', 0.5, NULL),
('1504', 'Wednesday', 0.5, NULL),
('1504', 'Thursday', 0.5, NULL),
('1504', 'Friday', 0.5, NULL),
('0300', 'Monday', 1, NULL),
('0300', 'Tuesday', 0.7, NULL),
('0300', 'Wednesday', 0.7, NULL),
('0300', 'Thursday', 0.7, NULL),
('0300', 'Friday', 1, NULL),
('0300', 'Saturday', 1, NULL),
('0300', 'Sunday', 0.7, NULL),
('1508', 'Monday', 1, NULL),
('1508', 'Tuesday', 0.7, NULL),
('1508', 'Wednesday', 0.7, NULL),
('1508', 'Thursday', 0.7, NULL),
('1508', 'Friday', 0.7, NULL),
('1508', 'Saturday', 0.7, NULL),
('1510', 'Monday', 0.7, NULL),
('0802', 'Monday', 0.7, NULL),
('0802', 'Tuesday', 0.7, NULL),
('0802', 'Wednesday', 0.7, NULL),
('0802', 'Thursday', 0.7, NULL),
('0802', 'Friday', 0.7, NULL),
('0802', 'Saturday', 1, NULL),
('0802', 'Sunday', 0.7, NULL),
('1302', 'Monday', 0.7, NULL),
('1302', 'Tuesday', 0.5, NULL),
('1302', 'Wednesday', 0.5, NULL),
('1302', 'Thursday', 0.5, NULL),
('1302', 'Friday', 0.5, NULL),
('0606', 'Monday', 0.7, NULL),
('0606', 'Tuesday', 0.7, NULL),
('0606', 'Wednesday', 0.7, NULL),
('0606', 'Thursday', 0.7, NULL),
('0606', 'Friday', 0.7, NULL),
('0606', 'Saturday', 1, NULL),
('0606', 'Sunday', 0.7, NULL),
('1514', 'Monday', 0.7, NULL),
('1514', 'Tuesday', 0.7, NULL),
('1514', 'Wednesday', 0.7, NULL),
('1514', 'Thursday', 0.7, NULL),
('1514', 'Friday', 0.7, NULL),
('0806', 'Monday', 0.7, NULL),
('0806', 'Tuesday', 0.7, NULL),
('0806', 'Wednesday', 0.7, NULL),
('0806', 'Thursday', 0.7, NULL),
('0806', 'Friday', 0.7, NULL),
('0806', 'Saturday', 0.85, NULL),
('0806', 'Sunday', 0.7, NULL),
('0810', 'Monday', 0.7, NULL),
('0810', 'Tuesday', 0.7, NULL),
('0810', 'Wednesday', 0.7, NULL),
('0810', 'Thursday', 0.7, NULL),
('0810', 'Friday', 0.7, NULL),
('0810', 'Saturday', 1, NULL),
('0810', 'Sunday', 0.7, NULL),
('0814', 'Monday', 1, NULL),
('0814', 'Tuesday', 0.7, NULL),
('0814', 'Wednesday', 0.7, NULL),
('0814', 'Thursday', 0.7, NULL),
('0814', 'Friday', 1, NULL),
('0814', 'Saturday', 1, NULL),
('0814', 'Sunday', 1, NULL),
('0818', 'Monday', 0.85, NULL),
('0818', 'Tuesday', 0.7, NULL),
('0818', 'Wednesday', 0.7, NULL),
('0818', 'Thursday', 0.7, NULL),
('0818', 'Friday', 0.7, NULL),
('0818', 'Saturday', 0.85, NULL),
('0818', 'Sunday', 0.7, NULL),
('0628', 'Monday', 1, NULL),
('0628', 'Tuesday', 0.7, NULL),
('0628', 'Wednesday', 0.7, NULL),
('0628', 'Thursday', 1, NULL),
('0628', 'Friday', 1, NULL),
('0628', 'Saturday', 1, NULL),
('0628', 'Sunday', 1, NULL),
('0822', 'Monday', 0.85, NULL),
('0822', 'Tuesday', 0.7, NULL),
('0822', 'Wednesday', 0.7, NULL),
('0822', 'Thursday', 0.7, NULL),
('0822', 'Friday', 0.85, NULL),
('0822', 'Saturday', 1, NULL),
('0822', 'Sunday', 1, NULL),
('0826', 'Monday', 0.85, NULL),
('0826', 'Tuesday', 0.7, NULL),
('0826', 'Wednesday', 0.7, NULL),
('0826', 'Thursday', 0.7, NULL),
('0826', 'Friday', 1, NULL),
('0826', 'Saturday', 0.7, NULL),
('0826', 'Sunday', 0.7, NULL),
('1538', 'Sunday', 0.85, NULL),
('0830', 'Monday', 1, NULL),
('0830', 'Tuesday', 1, NULL),
('0830', 'Wednesday', 1, NULL),
('0830', 'Thursday', 1, NULL),
('0830', 'Friday', 1, NULL),
('0830', 'Saturday', 0.7, NULL),
('0830', 'Sunday', 0.85, NULL),
('0834', 'Monday', 1, NULL),
('0834', 'Tuesday', 1, NULL),
('0834', 'Wednesday', 1, NULL),
('0834', 'Thursday', 1, NULL),
('0834', 'Friday', 1, NULL),
('0834', 'Saturday', 0.7, NULL),
('0834', 'Sunday', 1, NULL),
('1546', 'Friday', 0.85, NULL),
('1546', 'Sunday', 1, NULL),
('0838', 'Monday', 1, NULL),
('0838', 'Tuesday', 1, NULL),
('0838', 'Wednesday', 1, NULL),
('0838', 'Thursday', 1, NULL),
('0838', 'Friday', 0.85, NULL),
('0838', 'Saturday', 1, NULL),
('0838', 'Sunday', 1, NULL),
('0842', 'Monday', 0.7, NULL),
('0842', 'Tuesday', 0.7, NULL),
('0842', 'Wednesday', 0.7, NULL),
('0842', 'Thursday', 0.7, NULL),
('0842', 'Friday', 0.85, NULL),
('0842', 'Saturday', 1, NULL),
('0842', 'Sunday', 1, NULL),
('0846', 'Monday', 0.7, NULL),
('0846', 'Tuesday', 0.7, NULL),
('0846', 'Wednesday', 0.7, NULL),
('0846', 'Thursday', 0.7, NULL),
('0846', 'Friday', 1, NULL),
('0846', 'Saturday', 0.7, NULL),
('0846', 'Sunday', 1, NULL),
('0850', 'Monday', 0.7, NULL),
('0850', 'Tuesday', 0.7, NULL),
('0850', 'Wednesday', 0.7, NULL),
('0850', 'Thursday', 0.7, NULL),
('0850', 'Friday', 1, NULL),
('0850', 'Saturday', 0.7, NULL),
('0850', 'Sunday', 1, NULL),
('0854', 'Monday', 1, NULL),
('0854', 'Tuesday', 0.7, NULL),
('0854', 'Wednesday', 0.7, NULL),
('0854', 'Thursday', 0.7, NULL),
('0854', 'Friday', 0.85, NULL),
('0854', 'Saturday', 0.7, NULL),
('0854', 'Sunday', 1, NULL),
('0858', 'Monday', 0.7, NULL),
('0858', 'Tuesday', 0.7, NULL),
('0858', 'Wednesday', 0.7, NULL),
('0858', 'Thursday', 0.7, NULL),
('0858', 'Friday', 0.85, NULL),
('0858', 'Saturday', 0.7, NULL),
('0858', 'Sunday', 0.85, NULL),
('1688', 'Friday', 1, NULL),
('1688', 'Saturday', 0.7, NULL),
('1688', 'Sunday', 1, NULL),
('1330', 'Sunday', 0.85, NULL),
('1570', 'Sunday', 0.85, NULL),
('0690', 'Monday', 0.7, NULL),
('0690', 'Tuesday', 0.7, NULL),
('0690', 'Wednesday', 0.7, NULL),
('0690', 'Thursday', 0.7, NULL),
('0690', 'Friday', 1, NULL),
('0690', 'Saturday', 1, NULL),
('0690', 'Sunday', 1, NULL),
('0862', 'Monday', 0.7, NULL),
('0862', 'Tuesday', 0.7, NULL),
('0862', 'Wednesday', 0.7, NULL),
('0862', 'Thursday', 0.7, NULL),
('0862', 'Friday', 0.85, NULL),
('0862', 'Saturday', 1, NULL),
('0862', 'Sunday', 1, NULL),
('0696', 'Monday', 0.5, NULL),
('0696', 'Tuesday', 0.5, NULL),
('0696', 'Wednesday', 0.5, NULL),
('0696', 'Thursday', 0.5, NULL),
('0696', 'Friday', 0.7, NULL),
('0696', 'Saturday', 0.7, NULL),
('0696', 'Sunday', 1, NULL),
('0294', 'Monday', 0.7, NULL),
('0294', 'Tuesday', 0.7, NULL),
('0294', 'Wednesday', 0.7, NULL),
('0294', 'Thursday', 0.7, NULL),
('0294', 'Friday', 0.7, NULL),
('0294', 'Saturday', 1, NULL),
('0294', 'Sunday', 1, NULL),
('0598', 'Monday', 0.5, NULL),
('0598', 'Tuesday', 0.5, NULL),
('0598', 'Wednesday', 0.5, NULL),
('0598', 'Thursday', 0.5, NULL),
('0598', 'Friday', 0.5, NULL),
('0598', 'Saturday', 0.5, NULL),
('0598', 'Sunday', 0.5, NULL);

-- --------------------------------------------------------

--
-- 資料表結構 `station`
--

CREATE TABLE `station` (
  `StationID` varchar(10) CHARACTER SET utf8 COLLATE utf8_bin NOT NULL,
  `Zh_tw` varchar(5) CHARACTER SET utf8 COLLATE utf8_bin NOT NULL,
  `En` varchar(10) CHARACTER SET utf8mb4 COLLATE utf8mb4_unicode_520_ci NOT NULL,
  `StationAddress` varchar(30) CHARACTER SET utf8mb4 COLLATE utf8mb4_unicode_520_ci NOT NULL
) ENGINE=InnoDB DEFAULT CHARSET=utf8mb4 COLLATE=utf8mb4_0900_ai_ci;

--
-- 資料表的匯出資料 `station`
--

INSERT INTO `station` (`StationID`, `Zh_tw`, `En`, `StationAddress`) VALUES
('0990', '南港', 'Nangang', '台北市南港區南港路一段313號'),
('1047', '雲林', 'Yunlin', '雲林縣虎尾鎮站前東路301號'),
('1043', '彰化', 'Changhua', '彰化縣田中鎮站區路二段99號'),
('1000', '台北', 'Taipei', '台北市北平西路3號'),
('1010', '板橋', 'Banciao', '新北市板橋區縣民大道二段7號'),
('1020', '桃園', 'Taoyuan', '桃園市中壢區高鐵北路一段6號'),
('1030', '新竹', 'Hsinchu', '新竹縣竹北市高鐵七路6號'),
('1040', '台中', 'Taichung', '台中市烏日區站區二路8號'),
('1050', '嘉義', 'Chiayi', '嘉義縣太保市高鐵西路168號'),
('1060', '台南', 'Tainan', '台南市歸仁區歸仁大道100號'),
('1070', '左營', 'Zuoying', '高雄市左營區高鐵路105號'),
('1035', '苗栗', 'Miaoli', '苗栗縣後龍鎮高鐵三路268號');

-- --------------------------------------------------------

--
-- 資料表結構 `timeTable`
--

CREATE TABLE `timeTable` (
  `TrainNo` varchar(10) CHARACTER SET utf8 COLLATE utf8_bin NOT NULL,
  `Direction` tinyint(1) NOT NULL,
  `StartingStationName` varchar(20) CHARACTER SET utf8 COLLATE utf8_bin NOT NULL,
  `EndingStationName` varchar(20) CHARACTER SET utf8 COLLATE utf8_bin NOT NULL,
  `Nangang` time DEFAULT NULL,
  `Taipei` time DEFAULT NULL,
  `Banciao` time DEFAULT NULL,
  `Taoyuan` time DEFAULT NULL,
  `Hsinchu` time DEFAULT NULL,
  `Miaoli` time DEFAULT NULL,
  `Taichung` time DEFAULT NULL,
  `Changhua` time DEFAULT NULL,
  `Yunlin` time DEFAULT NULL,
  `Chiayi` time DEFAULT NULL,
  `Tainan` time DEFAULT NULL,
  `Zuoying` time DEFAULT NULL,
  `Monday` tinyint(1) NOT NULL,
  `Tuesday` tinyint(1) NOT NULL,
  `Wednesday` tinyint(1) NOT NULL,
  `Thursday` tinyint(1) NOT NULL,
  `Friday` tinyint(1) NOT NULL,
  `Saturday` tinyint(1) NOT NULL,
  `Sunday` tinyint(1) NOT NULL
) ENGINE=InnoDB DEFAULT CHARSET=utf8mb4 COLLATE=utf8mb4_0900_ai_ci;

--
-- 資料表的匯出資料 `timeTable`
--

INSERT INTO `timeTable` (`TrainNo`, `Direction`, `StartingStationName`, `EndingStationName`, `Nangang`, `Taipei`, `Banciao`, `Taoyuan`, `Hsinchu`, `Miaoli`, `Taichung`, `Changhua`, `Yunlin`, `Chiayi`, `Tainan`, `Zuoying`, `Monday`, `Tuesday`, `Wednesday`, `Thursday`, `Friday`, `Saturday`, `Sunday`) VALUES
('0639', 0, 'Nangang', 'Zuoying', '12:35:00', '12:46:00', '12:55:00', '13:10:00', '13:22:00', NULL, '13:48:00', NULL, NULL, '14:14:00', '14:33:00', '14:48:00', 1, 1, 1, 1, 1, 1, 1),
('0565', 0, 'Nangang', 'Taichung', '22:15:00', '22:26:00', '22:35:00', '22:48:00', '23:00:00', '23:12:00', '23:44:00', NULL, NULL, NULL, NULL, NULL, 1, 1, 1, 1, 1, 1, 1),
('1234', 1, 'Zuoying', 'Nangang', '16:08:00', '15:57:00', '15:47:00', NULL, NULL, NULL, '15:08:00', NULL, NULL, NULL, '14:28:00', '14:15:00', 0, 0, 0, 0, 0, 0, 1),
('0676', 1, 'Zuoying', 'Nangang', '20:48:00', '20:36:00', '20:25:00', '20:11:00', '19:57:00', NULL, '19:32:00', NULL, NULL, '19:08:00', '18:48:00', '18:35:00', 1, 1, 1, 1, 1, 1, 1),
('1209', 0, 'Nangang', 'Zuoying', '08:40:00', '08:51:00', '08:59:00', NULL, NULL, NULL, '09:40:00', NULL, NULL, NULL, '10:18:00', '10:45:00', 0, 0, 0, 0, 0, 1, 0),
('0809', 0, 'Nangang', 'Zuoying', '08:00:00', '08:11:00', '08:19:00', '08:34:00', '08:47:00', '08:58:00', '09:17:00', '09:30:00', '09:41:00', '09:55:00', '10:13:00', '10:28:00', 1, 1, 1, 1, 1, 1, 1),
('1640', 1, 'Zuoying', 'Nangang', '14:48:00', '14:36:00', '14:25:00', '14:11:00', '13:57:00', NULL, '13:32:00', NULL, NULL, '13:08:00', '12:48:00', '12:35:00', 0, 0, 0, 0, 0, 1, 1),
('1558', 1, 'Taichung', 'Nangang', '20:28:00', '20:16:00', '20:05:00', '19:51:00', '19:39:00', '19:24:00', '19:04:00', NULL, NULL, NULL, NULL, NULL, 0, 0, 0, 0, 0, 0, 1),
('1566', 1, 'Taichung', 'Nangang', '22:28:00', '22:16:00', '22:05:00', '21:51:00', '21:39:00', '21:24:00', '21:04:00', NULL, NULL, NULL, NULL, NULL, 0, 0, 0, 0, 0, 0, 1),
('0633', 0, 'Nangang', 'Zuoying', '11:35:00', '11:46:00', '11:55:00', '12:10:00', '12:22:00', NULL, '12:48:00', NULL, NULL, '13:14:00', '13:33:00', '13:48:00', 1, 1, 1, 1, 1, 1, 1),
('1241', 0, 'Nangang', 'Zuoying', '16:40:00', '16:51:00', '16:59:00', NULL, NULL, NULL, '17:40:00', NULL, NULL, NULL, '18:18:00', '18:33:00', 0, 0, 0, 0, 1, 0, 1),
('0666', 1, 'Zuoying', 'Nangang', '19:13:00', '19:02:00', '18:51:00', '18:38:00', '18:25:00', NULL, '18:00:00', NULL, NULL, '17:32:00', '17:13:00', '17:00:00', 1, 1, 1, 1, 1, 1, 1),
('0687', 0, 'Nangang', 'Zuoying', '20:35:00', '20:46:00', '20:55:00', '21:10:00', '21:22:00', NULL, '21:48:00', NULL, NULL, '22:14:00', '22:33:00', '23:00:00', 1, 1, 1, 1, 1, 1, 1),
('0136', 1, 'Zuoying', 'Nangang', '16:43:00', '16:32:00', '16:21:00', NULL, NULL, NULL, '15:39:00', NULL, NULL, NULL, NULL, '14:55:00', 1, 1, 1, 1, 1, 1, 1),
('0628', 1, 'Zuoying', 'Nangang', '12:48:00', '12:36:00', '12:25:00', '12:11:00', '11:57:00', NULL, '11:32:00', NULL, NULL, '11:08:00', '10:48:00', '10:35:00', 1, 1, 1, 1, 1, 1, 1),
('1607', 0, 'Nangang', 'Zuoying', '07:10:00', '07:21:00', '07:29:00', '07:43:00', '07:56:00', NULL, '08:25:00', NULL, NULL, '08:50:00', '09:07:00', '09:23:00', 0, 0, 0, 0, 0, 1, 0),
('0696', 1, 'Zuoying', 'Taipei', NULL, '00:02:00', '23:52:00', '23:40:00', '23:27:00', NULL, '22:59:00', NULL, NULL, '22:32:00', '22:11:00', '21:55:00', 1, 1, 1, 1, 1, 1, 1),
('0618', 1, 'Zuoying', 'Nangang', '11:13:00', '11:02:00', '10:51:00', '10:38:00', '10:25:00', NULL, '10:00:00', NULL, NULL, '09:32:00', '09:13:00', '09:00:00', 1, 1, 1, 1, 1, 1, 1),
('0681', 0, 'Nangang', 'Zuoying', '19:35:00', '19:46:00', '19:55:00', '20:10:00', '20:22:00', NULL, '20:48:00', NULL, NULL, '21:14:00', '21:33:00', '22:00:00', 1, 1, 1, 1, 1, 1, 1),
('0861', 0, 'Nangang', 'Zuoying', '21:00:00', '21:11:00', '21:19:00', '21:34:00', '21:47:00', '21:58:00', '22:17:00', '22:30:00', '22:41:00', '22:55:00', '23:13:00', '23:41:00', 1, 1, 1, 1, 1, 1, 1),
('0249', 0, 'Nangang', 'Zuoying', '18:40:00', '18:51:00', '18:59:00', NULL, NULL, NULL, '19:40:00', NULL, NULL, NULL, '20:18:00', '20:53:00', 1, 1, 1, 1, 1, 1, 1),
('0606', 1, 'Zuoying', 'Nangang', '09:13:00', '09:02:00', '08:51:00', '08:38:00', '08:25:00', NULL, '08:00:00', NULL, NULL, '07:32:00', '07:13:00', '07:00:00', 1, 1, 1, 1, 1, 1, 1),
('0619', 0, 'Nangang', 'Zuoying', '09:10:00', '09:21:00', '09:29:00', '09:43:00', '09:56:00', NULL, '10:25:00', NULL, NULL, '10:50:00', '11:07:00', '11:35:00', 1, 1, 1, 1, 1, 1, 1),
('1545', 0, 'Nangang', 'Taichung', '17:25:00', '17:36:00', '17:46:00', '18:01:00', '18:12:00', '18:25:00', '18:57:00', NULL, NULL, NULL, NULL, NULL, 0, 0, 0, 0, 1, 0, 0),
('0841', 0, 'Nangang', 'Zuoying', '16:00:00', '16:11:00', '16:19:00', '16:34:00', '16:47:00', '16:58:00', '17:17:00', '17:30:00', '17:41:00', '17:55:00', '18:13:00', '18:28:00', 1, 1, 1, 1, 1, 1, 1),
('0300', 1, 'Zuoying', 'Nangang', '07:58:00', '07:47:00', NULL, '07:28:00', NULL, NULL, '06:56:00', '06:44:00', '06:34:00', '06:21:00', '06:03:00', '05:50:00', 1, 1, 1, 1, 1, 1, 1),
('0651', 0, 'Nangang', 'Zuoying', '14:35:00', '14:46:00', '14:55:00', '15:10:00', '15:22:00', NULL, '15:48:00', NULL, NULL, '16:14:00', '16:33:00', '16:48:00', 1, 1, 1, 1, 1, 1, 1),
('1679', 0, 'Nangang', 'Zuoying', '19:10:00', '19:21:00', '19:29:00', '19:43:00', '19:56:00', NULL, '20:25:00', NULL, NULL, '20:50:00', '21:07:00', '21:23:00', 0, 0, 0, 0, 1, 1, 1),
('0144', 1, 'Zuoying', 'Nangang', '18:43:00', '18:32:00', '18:21:00', NULL, NULL, NULL, '17:39:00', NULL, NULL, NULL, NULL, '16:55:00', 1, 1, 1, 1, 1, 1, 1),
('1320', 1, 'Zuoying', 'Nangang', '17:58:00', '17:47:00', '17:36:00', NULL, NULL, NULL, '16:53:00', '16:41:00', '16:31:00', '16:19:00', '15:58:00', '15:45:00', 0, 0, 0, 0, 0, 0, 1),
('1213', 0, 'Nangang', 'Zuoying', '09:40:00', '09:51:00', '09:59:00', NULL, NULL, NULL, '10:40:00', NULL, NULL, NULL, '11:18:00', '11:33:00', 0, 0, 0, 0, 0, 1, 0),
('1550', 1, 'Taichung', 'Nangang', '18:28:00', '18:16:00', '18:05:00', '17:51:00', '17:39:00', '17:24:00', '17:04:00', NULL, NULL, NULL, NULL, NULL, 0, 0, 0, 0, 1, 0, 1),
('0502', 1, 'Taichung', 'Nangang', '07:43:00', '07:32:00', '07:22:00', '07:09:00', '06:57:00', '06:44:00', '06:25:00', NULL, NULL, NULL, NULL, NULL, 1, 1, 1, 1, 1, 1, 1),
('0642', 1, 'Zuoying', 'Nangang', '15:13:00', '15:02:00', '14:51:00', '14:38:00', '14:25:00', NULL, '14:00:00', NULL, NULL, '13:32:00', '13:13:00', '13:00:00', 1, 1, 1, 1, 1, 1, 1),
('0132', 1, 'Zuoying', 'Nangang', '15:43:00', '15:32:00', '15:21:00', NULL, NULL, NULL, '14:39:00', NULL, NULL, NULL, NULL, '13:55:00', 1, 1, 1, 1, 1, 1, 1),
('0802', 1, 'Zuoying', 'Nangang', '08:43:00', '08:32:00', '08:22:00', '08:10:00', '07:58:00', '07:45:00', '07:25:00', '07:13:00', '07:00:00', '06:48:00', '06:29:00', '06:15:00', 1, 1, 1, 1, 1, 1, 1),
('0165', 0, 'Nangang', 'Zuoying', '21:20:00', '21:31:00', '21:39:00', NULL, NULL, NULL, '22:20:00', NULL, NULL, NULL, NULL, '23:20:00', 1, 1, 1, 1, 1, 1, 1),
('0858', 1, 'Zuoying', 'Nangang', '22:53:00', '22:42:00', '22:32:00', '22:20:00', '22:08:00', '21:56:00', '21:36:00', '21:24:00', '21:12:00', '21:00:00', '20:41:00', '20:25:00', 1, 1, 1, 1, 1, 1, 1),
('1637', 0, 'Nangang', 'Zuoying', '12:10:00', '12:21:00', '12:29:00', '12:43:00', '12:56:00', NULL, '13:25:00', NULL, NULL, '13:50:00', '14:07:00', '14:23:00', 0, 0, 0, 0, 1, 0, 0),
('1643', 0, 'Nangang', 'Zuoying', '13:10:00', '13:21:00', '13:29:00', '13:43:00', '13:56:00', NULL, '14:25:00', NULL, NULL, '14:50:00', '15:07:00', '15:23:00', 0, 0, 0, 0, 1, 1, 1),
('1563', 0, 'Nangang', 'Taichung', '21:55:00', '22:05:00', '22:14:00', '22:27:00', '22:38:00', '22:52:00', '23:13:00', NULL, NULL, NULL, NULL, NULL, 0, 0, 0, 0, 1, 0, 1),
('0664', 1, 'Zuoying', 'Nangang', '18:48:00', '18:36:00', '18:25:00', '18:11:00', '17:57:00', NULL, '17:32:00', NULL, NULL, '17:08:00', '16:48:00', '16:35:00', 1, 1, 1, 1, 1, 1, 1),
('0625', 0, 'Nangang', 'Zuoying', '10:10:00', '10:21:00', '10:29:00', '10:43:00', '10:56:00', NULL, '11:25:00', NULL, NULL, '11:50:00', '12:07:00', '12:35:00', 1, 1, 1, 1, 1, 1, 1),
('0610', 1, 'Zuoying', 'Nangang', '09:48:00', '09:36:00', '09:25:00', '09:11:00', '08:57:00', NULL, '08:32:00', NULL, NULL, '08:08:00', '07:48:00', '07:35:00', 1, 1, 1, 1, 1, 1, 1),
('0829', 0, 'Nangang', 'Zuoying', '13:00:00', '13:11:00', '13:19:00', '13:34:00', '13:47:00', '13:58:00', '14:17:00', '14:30:00', '14:41:00', '14:55:00', '15:13:00', '15:28:00', 1, 1, 1, 1, 1, 1, 1),
('0636', 1, 'Zuoying', 'Nangang', '14:13:00', '14:02:00', '13:51:00', '13:38:00', '13:25:00', NULL, '13:00:00', NULL, NULL, '12:32:00', '12:13:00', '12:00:00', 1, 1, 1, 1, 1, 1, 1),
('0117', 0, 'Nangang', 'Zuoying', '09:20:00', '09:31:00', '09:39:00', NULL, NULL, NULL, '10:20:00', NULL, NULL, NULL, NULL, '11:08:00', 1, 1, 1, 1, 1, 1, 1),
('1218', 1, 'Zuoying', 'Nangang', '12:08:00', '11:57:00', '11:47:00', NULL, NULL, NULL, '11:08:00', NULL, NULL, NULL, '10:28:00', '10:15:00', 0, 0, 0, 0, 0, 1, 0),
('0203', 0, 'Taipei', 'Zuoying', NULL, '06:30:00', '06:38:00', NULL, NULL, NULL, '07:20:00', NULL, NULL, '07:45:00', '08:03:00', '08:18:00', 1, 1, 1, 1, 1, 1, 1),
('0838', 1, 'Zuoying', 'Nangang', '17:53:00', '17:42:00', '17:32:00', '17:20:00', '17:08:00', '16:56:00', '16:36:00', '16:24:00', '16:12:00', '16:00:00', '15:41:00', '15:25:00', 1, 1, 1, 1, 1, 1, 1),
('1546', 1, 'Taichung', 'Nangang', '17:28:00', '17:16:00', '17:05:00', '16:51:00', '16:39:00', '16:24:00', '16:04:00', NULL, NULL, NULL, NULL, NULL, 0, 0, 0, 0, 1, 0, 1),
('0141', 0, 'Nangang', 'Zuoying', '15:20:00', '15:31:00', '15:39:00', NULL, NULL, NULL, '16:20:00', NULL, NULL, NULL, NULL, '17:08:00', 1, 1, 1, 1, 1, 1, 1),
('1655', 0, 'Nangang', 'Zuoying', '15:10:00', '15:21:00', '15:29:00', '15:43:00', '15:56:00', NULL, '16:25:00', NULL, NULL, '16:50:00', '17:07:00', '17:23:00', 0, 0, 0, 0, 1, 1, 1),
('0845', 0, 'Nangang', 'Zuoying', '17:00:00', '17:11:00', '17:19:00', '17:34:00', '17:47:00', '17:58:00', '18:17:00', '18:30:00', '18:41:00', '18:55:00', '19:13:00', '19:28:00', 1, 1, 1, 1, 1, 1, 1),
('0673', 0, 'Nangang', 'Zuoying', '18:10:00', '18:21:00', '18:29:00', '18:43:00', '18:56:00', NULL, '19:25:00', NULL, NULL, '19:50:00', '20:07:00', '20:35:00', 1, 1, 1, 1, 1, 1, 1),
('0846', 1, 'Zuoying', 'Nangang', '19:53:00', '19:42:00', '19:32:00', '19:20:00', '19:08:00', '18:56:00', '18:36:00', '18:24:00', '18:12:00', '18:00:00', '17:41:00', '17:25:00', 1, 1, 1, 1, 1, 1, 1),
('0157', 0, 'Nangang', 'Zuoying', '19:20:00', '19:31:00', '19:39:00', NULL, NULL, NULL, '20:20:00', NULL, NULL, NULL, NULL, '21:08:00', 1, 1, 1, 1, 1, 1, 1),
('1557', 0, 'Nangang', 'Taichung', '20:25:00', '20:36:00', '20:46:00', '21:01:00', '21:12:00', '21:25:00', '21:57:00', NULL, NULL, NULL, NULL, NULL, 0, 0, 0, 0, 1, 0, 1),
('0661', 0, 'Nangang', 'Zuoying', '16:10:00', '16:21:00', '16:29:00', '16:43:00', '16:56:00', NULL, '17:25:00', NULL, NULL, '17:50:00', '18:07:00', '18:23:00', 1, 1, 1, 1, 1, 1, 1),
('0654', 1, 'Zuoying', 'Nangang', '17:13:00', '17:02:00', '16:51:00', '16:38:00', '16:25:00', NULL, '16:00:00', NULL, NULL, '15:32:00', '15:13:00', '15:00:00', 1, 1, 1, 1, 1, 1, 1),
('0616', 1, 'Zuoying', 'Nangang', '10:48:00', '10:36:00', '10:25:00', '10:11:00', '09:57:00', NULL, '09:32:00', NULL, NULL, '09:08:00', '08:48:00', '08:35:00', 1, 1, 1, 1, 1, 1, 1),
('0613', 0, 'Nangang', 'Zuoying', '08:10:00', '08:21:00', '08:29:00', '08:43:00', '08:56:00', NULL, '09:25:00', NULL, NULL, '09:50:00', '10:07:00', '10:23:00', 1, 1, 1, 1, 1, 1, 1),
('1649', 0, 'Nangang', 'Zuoying', '14:10:00', '14:21:00', '14:29:00', '14:43:00', '14:56:00', NULL, '15:25:00', NULL, NULL, '15:50:00', '16:07:00', '16:23:00', 0, 0, 0, 0, 1, 1, 1),
('0818', 1, 'Zuoying', 'Nangang', '12:53:00', '12:42:00', '12:32:00', '12:20:00', '12:08:00', '11:56:00', '11:36:00', '11:24:00', '11:12:00', '11:00:00', '10:41:00', '10:25:00', 1, 1, 1, 1, 1, 1, 1),
('0156', 1, 'Zuoying', 'Nangang', '21:43:00', '21:32:00', '21:21:00', NULL, NULL, NULL, '20:39:00', NULL, NULL, NULL, NULL, '19:55:00', 1, 1, 1, 1, 1, 1, 1),
('0109', 0, 'Nangang', 'Zuoying', '07:20:00', '07:31:00', '07:39:00', NULL, NULL, NULL, '08:20:00', NULL, NULL, NULL, NULL, '09:08:00', 1, 1, 1, 1, 1, 1, 1),
('1238', 1, 'Zuoying', 'Nangang', '17:08:00', '16:57:00', '16:47:00', NULL, NULL, NULL, '16:08:00', NULL, NULL, NULL, '15:28:00', '15:15:00', 0, 0, 0, 0, 1, 0, 1),
('0242', 1, 'Zuoying', 'Nangang', '18:08:00', '17:57:00', '17:47:00', NULL, NULL, NULL, '17:08:00', NULL, NULL, NULL, '16:28:00', '16:15:00', 1, 1, 1, 1, 1, 1, 1),
('0660', 1, 'Zuoying', 'Nangang', '18:13:00', '18:02:00', '17:51:00', '17:38:00', '17:25:00', NULL, '17:00:00', NULL, NULL, '16:32:00', '16:13:00', '16:00:00', 1, 1, 1, 1, 1, 1, 1),
('1309', 0, 'Nangang', 'Zuoying', '09:50:00', '10:01:00', '10:10:00', NULL, NULL, NULL, '10:54:00', '11:06:00', '11:17:00', '11:30:00', '11:48:00', '12:15:00', 0, 0, 0, 0, 0, 1, 0),
('0204', 1, 'Zuoying', 'Nangang', '08:48:00', '08:37:00', '08:27:00', NULL, NULL, NULL, '07:48:00', NULL, NULL, NULL, '07:07:00', '06:55:00', 1, 1, 1, 1, 1, 1, 1),
('1682', 1, 'Zuoying', 'Nangang', '21:48:00', '21:36:00', '21:25:00', '21:11:00', '20:57:00', NULL, '20:32:00', NULL, NULL, '20:08:00', '19:48:00', '19:35:00', 0, 0, 0, 0, 1, 1, 1),
('1622', 1, 'Zuoying', 'Nangang', '11:48:00', '11:36:00', '11:25:00', '11:11:00', '10:57:00', NULL, '10:32:00', NULL, NULL, '10:08:00', '09:48:00', '09:35:00', 0, 0, 0, 0, 0, 1, 1),
('0862', 1, 'Zuoying', 'Nangang', '23:58:00', '23:47:00', '23:37:00', '23:25:00', '23:12:00', '23:00:00', '22:40:00', '22:28:00', '22:16:00', '22:03:00', '21:44:00', '21:30:00', 1, 1, 1, 1, 1, 1, 1),
('1508', 1, 'Taichung', 'Nangang', '08:28:00', '08:16:00', '08:05:00', '07:51:00', '07:38:00', '07:25:00', '07:05:00', NULL, NULL, NULL, NULL, NULL, 1, 1, 1, 1, 1, 1, 0),
('0133', 0, 'Nangang', 'Zuoying', '13:20:00', '13:31:00', '13:39:00', NULL, NULL, NULL, '14:20:00', NULL, NULL, NULL, NULL, '15:08:00', 1, 1, 1, 1, 1, 1, 1),
('0817', 0, 'Nangang', 'Zuoying', '10:00:00', '10:11:00', '10:19:00', '10:34:00', '10:47:00', '10:58:00', '11:17:00', '11:30:00', '11:41:00', '11:55:00', '12:13:00', '12:28:00', 1, 1, 1, 1, 1, 1, 1),
('0693', 0, 'Nangang', 'Zuoying', '21:30:00', '21:41:00', '21:50:00', '22:05:00', '22:17:00', NULL, '22:43:00', NULL, NULL, '23:09:00', '23:28:00', '00:01:00', 1, 1, 1, 1, 1, 1, 1),
('1327', 0, 'Nangang', 'Zuoying', '18:50:00', '19:01:00', '19:10:00', NULL, NULL, NULL, '19:54:00', '20:06:00', '20:17:00', '20:30:00', '20:48:00', '21:03:00', 0, 0, 0, 0, 1, 0, 0),
('1504', 1, 'Taichung', 'Nangang', '08:08:00', '07:57:00', '07:47:00', '07:35:00', '07:19:00', '07:05:00', '06:45:00', NULL, NULL, NULL, NULL, NULL, 1, 1, 1, 1, 1, 0, 0),
('0834', 1, 'Zuoying', 'Nangang', '16:53:00', '16:42:00', '16:32:00', '16:20:00', '16:08:00', '15:56:00', '15:36:00', '15:24:00', '15:12:00', '15:00:00', '14:41:00', '14:25:00', 1, 1, 1, 1, 1, 1, 1),
('1688', 1, 'Zuoying', 'Nangang', '22:48:00', '22:36:00', '22:25:00', '22:11:00', '21:57:00', NULL, '21:32:00', NULL, NULL, '21:08:00', '20:48:00', '20:35:00', 0, 0, 0, 0, 1, 1, 1),
('1510', 1, 'Taichung', 'Nangang', '08:38:00', '08:27:00', '08:16:00', '08:03:00', '07:50:00', '07:37:00', '07:17:00', NULL, NULL, NULL, NULL, NULL, 1, 0, 0, 0, 0, 0, 0),
('1541', 0, 'Nangang', 'Taichung', '16:25:00', '16:36:00', '16:46:00', '17:01:00', '17:12:00', '17:25:00', '17:57:00', NULL, NULL, NULL, NULL, NULL, 0, 0, 0, 0, 1, 0, 0),
('0148', 1, 'Zuoying', 'Nangang', '19:43:00', '19:32:00', '19:21:00', NULL, NULL, NULL, '18:39:00', NULL, NULL, NULL, NULL, '17:55:00', 1, 1, 1, 1, 1, 1, 1),
('0128', 1, 'Zuoying', 'Nangang', '14:43:00', '14:32:00', '14:21:00', NULL, NULL, NULL, '13:39:00', NULL, NULL, NULL, NULL, '12:55:00', 1, 1, 1, 1, 1, 1, 1),
('0137', 0, 'Nangang', 'Zuoying', '14:20:00', '14:31:00', '14:39:00', NULL, NULL, NULL, '15:20:00', NULL, NULL, NULL, NULL, '16:08:00', 1, 1, 1, 1, 1, 1, 1),
('0806', 1, 'Zuoying', 'Nangang', '09:53:00', '09:42:00', '09:32:00', '09:20:00', '09:08:00', '08:56:00', '08:36:00', '08:24:00', '08:12:00', '08:00:00', '07:41:00', '07:25:00', 1, 1, 1, 1, 1, 1, 1),
('0615', 0, 'Nangang', 'Zuoying', '08:35:00', '08:46:00', '08:55:00', '09:10:00', '09:22:00', NULL, '09:48:00', NULL, NULL, '10:14:00', '10:33:00', '10:48:00', 1, 1, 1, 1, 1, 1, 1),
('0853', 0, 'Nangang', 'Zuoying', '19:00:00', '19:11:00', '19:19:00', '19:34:00', '19:47:00', '19:58:00', '20:17:00', '20:30:00', '20:41:00', '20:55:00', '21:13:00', '21:28:00', 1, 1, 1, 1, 1, 1, 1),
('0145', 0, 'Nangang', 'Zuoying', '16:20:00', '16:31:00', '16:39:00', NULL, NULL, NULL, '17:20:00', NULL, NULL, NULL, NULL, '18:08:00', 1, 1, 1, 1, 1, 1, 1),
('1602', 1, 'Zuoying', 'Nangang', '08:53:00', '08:42:00', '08:31:00', '08:18:00', '08:05:00', NULL, '07:40:00', NULL, NULL, '07:12:00', '06:53:00', '06:40:00', 1, 1, 1, 1, 1, 0, 0),
('0598', 1, 'Zuoying', 'Taichung', NULL, NULL, NULL, NULL, NULL, NULL, '00:19:00', '23:49:00', '23:39:00', '23:27:00', '23:08:00', '22:55:00', 1, 1, 1, 1, 1, 1, 1),
('1246', 1, 'Zuoying', 'Nangang', '19:08:00', '18:57:00', '18:47:00', NULL, NULL, NULL, '18:08:00', NULL, NULL, NULL, '17:28:00', '17:15:00', 0, 0, 0, 0, 1, 0, 1),
('0837', 0, 'Nangang', 'Zuoying', '15:00:00', '15:11:00', '15:19:00', '15:34:00', '15:47:00', '15:58:00', '16:17:00', '16:30:00', '16:41:00', '16:55:00', '17:13:00', '17:28:00', 1, 1, 1, 1, 1, 1, 1),
('1257', 0, 'Nangang', 'Zuoying', '20:40:00', '20:51:00', '20:59:00', NULL, NULL, NULL, '21:40:00', NULL, NULL, NULL, '22:18:00', '22:46:00', 0, 0, 0, 0, 1, 0, 1),
('1652', 1, 'Zuoying', 'Nangang', '16:48:00', '16:36:00', '16:25:00', '16:11:00', '15:57:00', NULL, '15:32:00', NULL, NULL, '15:08:00', '14:48:00', '14:35:00', 0, 0, 0, 0, 1, 1, 1),
('0116', 1, 'Zuoying', 'Nangang', '11:43:00', '11:32:00', '11:21:00', NULL, NULL, NULL, '10:39:00', NULL, NULL, NULL, NULL, '09:55:00', 1, 1, 1, 1, 1, 1, 1),
('0822', 1, 'Zuoying', 'Nangang', '13:53:00', '13:42:00', '13:32:00', '13:20:00', '13:08:00', '12:56:00', '12:36:00', '12:24:00', '12:12:00', '12:00:00', '11:41:00', '11:25:00', 1, 1, 1, 1, 1, 1, 1),
('0854', 1, 'Zuoying', 'Nangang', '21:53:00', '21:42:00', '21:32:00', '21:20:00', '21:08:00', '20:56:00', '20:36:00', '20:24:00', '20:12:00', '20:00:00', '19:41:00', '19:25:00', 1, 1, 1, 1, 1, 1, 1),
('0849', 0, 'Nangang', 'Zuoying', '18:00:00', '18:11:00', '18:19:00', '18:34:00', '18:47:00', '18:58:00', '19:17:00', '19:30:00', '19:41:00', '19:55:00', '20:13:00', '20:28:00', 1, 1, 1, 1, 1, 1, 1),
('0140', 1, 'Zuoying', 'Nangang', '17:43:00', '17:32:00', '17:21:00', NULL, NULL, NULL, '16:39:00', NULL, NULL, NULL, NULL, '15:55:00', 1, 1, 1, 1, 1, 1, 1),
('0813', 0, 'Nangang', 'Zuoying', '09:00:00', '09:11:00', '09:19:00', '09:34:00', '09:47:00', '09:58:00', '10:17:00', '10:30:00', '10:41:00', '10:55:00', '11:13:00', '11:28:00', 1, 1, 1, 1, 1, 1, 1),
('0152', 1, 'Zuoying', 'Nangang', '20:43:00', '20:32:00', '20:21:00', NULL, NULL, NULL, '19:39:00', NULL, NULL, NULL, NULL, '18:55:00', 1, 1, 1, 1, 1, 1, 1),
('0826', 1, 'Zuoying', 'Nangang', '14:53:00', '14:42:00', '14:32:00', '14:20:00', '14:08:00', '13:56:00', '13:36:00', '13:24:00', '13:12:00', '13:00:00', '12:41:00', '12:25:00', 1, 1, 1, 1, 1, 1, 1),
('0609', 0, 'Nangang', 'Zuoying', '07:35:00', '07:46:00', '07:55:00', '08:10:00', '08:22:00', NULL, '08:48:00', NULL, NULL, '09:14:00', '09:33:00', '10:03:00', 1, 1, 1, 1, 1, 1, 1),
('1250', 1, 'Zuoying', 'Nangang', '20:08:00', '19:57:00', '19:47:00', NULL, NULL, NULL, '19:08:00', NULL, NULL, NULL, '18:28:00', '18:15:00', 0, 0, 0, 0, 1, 0, 1),
('1253', 0, 'Nangang', 'Zuoying', '19:40:00', '19:51:00', '19:59:00', NULL, NULL, NULL, '20:40:00', NULL, NULL, NULL, '21:18:00', '21:33:00', 0, 0, 0, 0, 1, 0, 1),
('0657', 0, 'Nangang', 'Zuoying', '15:35:00', '15:46:00', '15:55:00', '16:10:00', '16:22:00', NULL, '16:48:00', NULL, NULL, '17:14:00', '17:33:00', '17:48:00', 1, 1, 1, 1, 1, 1, 1),
('1542', 1, 'Taichung', 'Nangang', '16:28:00', '16:16:00', '16:05:00', '15:51:00', '15:39:00', '15:24:00', '15:04:00', NULL, NULL, NULL, NULL, NULL, 0, 0, 0, 0, 0, 0, 1),
('0645', 0, 'Nangang', 'Zuoying', '13:35:00', '13:46:00', '13:55:00', '14:10:00', '14:22:00', NULL, '14:48:00', NULL, NULL, '15:14:00', '15:33:00', '15:48:00', 1, 1, 1, 1, 1, 1, 1),
('0333', 0, 'Nangang', 'Zuoying', '21:45:00', '21:56:00', NULL, '22:15:00', NULL, NULL, '22:49:00', '23:01:00', '23:12:00', '23:24:00', '23:42:00', '00:11:00', 1, 1, 1, 1, 1, 1, 1),
('1631', 0, 'Nangang', 'Zuoying', '11:10:00', '11:21:00', '11:29:00', '11:43:00', '11:56:00', NULL, '12:25:00', NULL, NULL, '12:50:00', '13:07:00', '13:23:00', 0, 0, 0, 0, 0, 1, 0),
('1237', 0, 'Nangang', 'Zuoying', '15:40:00', '15:51:00', '15:59:00', NULL, NULL, NULL, '16:40:00', NULL, NULL, NULL, '17:18:00', '17:33:00', 0, 0, 0, 0, 1, 0, 1),
('1562', 1, 'Taichung', 'Nangang', '21:28:00', '21:16:00', '21:05:00', '20:51:00', '20:39:00', '20:24:00', '20:04:00', NULL, NULL, NULL, NULL, NULL, 0, 0, 0, 0, 0, 0, 1),
('1210', 1, 'Zuoying', 'Nangang', '10:08:00', '09:57:00', '09:47:00', NULL, NULL, NULL, '09:08:00', NULL, NULL, NULL, '08:28:00', '08:15:00', 1, 0, 0, 0, 0, 1, 1),
('0825', 0, 'Nangang', 'Zuoying', '12:00:00', '12:11:00', '12:19:00', '12:34:00', '12:47:00', '12:58:00', '13:17:00', '13:30:00', '13:41:00', '13:55:00', '14:13:00', '14:28:00', 1, 1, 1, 1, 1, 1, 1),
('1513', 0, 'Nangang', 'Taichung', '09:25:00', '09:36:00', '09:46:00', '10:01:00', '10:12:00', '10:25:00', '10:57:00', NULL, NULL, NULL, NULL, NULL, 0, 0, 0, 0, 0, 1, 0),
('1505', 0, 'Nangang', 'Taichung', '07:25:00', '07:36:00', '07:46:00', '08:01:00', '08:12:00', '08:25:00', '08:57:00', NULL, NULL, NULL, NULL, NULL, 1, 1, 1, 1, 1, 1, 0),
('1307', 0, 'Nangang', 'Zuoying', '08:50:00', '09:01:00', '09:10:00', NULL, NULL, NULL, '09:54:00', '10:06:00', '10:17:00', '10:30:00', '10:48:00', '11:15:00', 0, 1, 1, 1, 0, 0, 0),
('0850', 1, 'Zuoying', 'Nangang', '20:53:00', '20:42:00', '20:32:00', '20:20:00', '20:08:00', '19:56:00', '19:36:00', '19:24:00', '19:12:00', '19:00:00', '18:41:00', '18:25:00', 1, 1, 1, 1, 1, 1, 1),
('1554', 1, 'Taichung', 'Nangang', '19:28:00', '19:16:00', '19:05:00', '18:51:00', '18:39:00', '18:24:00', '18:04:00', NULL, NULL, NULL, NULL, NULL, 0, 0, 0, 0, 0, 0, 1),
('1258', 1, 'Zuoying', 'Nangang', '22:08:00', '21:57:00', '21:47:00', NULL, NULL, NULL, '21:08:00', NULL, NULL, NULL, '20:28:00', '20:15:00', 0, 0, 0, 0, 0, 0, 1),
('1514', 1, 'Taichung', 'Nangang', '09:28:00', '09:16:00', '09:05:00', '08:51:00', '08:39:00', '08:24:00', '08:04:00', NULL, NULL, NULL, NULL, NULL, 1, 1, 1, 1, 1, 0, 0),
('0583', 0, 'Taichung', 'Zuoying', NULL, NULL, NULL, NULL, NULL, NULL, '06:25:00', '06:37:00', '06:47:00', '06:59:00', '07:17:00', '07:33:00', 1, 1, 1, 1, 1, 1, 1),
('0684', 1, 'Zuoying', 'Nangang', '22:13:00', '22:02:00', '21:51:00', '21:38:00', '21:25:00', NULL, '21:00:00', NULL, NULL, '20:32:00', '20:13:00', '20:00:00', 1, 1, 1, 1, 1, 1, 1),
('1302', 1, 'Zuoying', 'Nangang', '08:58:00', '08:47:00', '08:36:00', NULL, NULL, NULL, '07:53:00', '07:42:00', '07:32:00', '07:19:00', '06:59:00', '06:45:00', 1, 1, 1, 1, 1, 0, 0),
('0842', 1, 'Zuoying', 'Nangang', '18:53:00', '18:42:00', '18:32:00', '18:20:00', '18:08:00', '17:56:00', '17:36:00', '17:24:00', '17:12:00', '17:00:00', '16:41:00', '16:25:00', 1, 1, 1, 1, 1, 1, 1),
('1202', 1, 'Zuoying', 'Nangang', '08:18:00', '08:07:00', NULL, NULL, NULL, NULL, '07:21:00', NULL, NULL, '06:57:00', '06:38:00', '06:25:00', 1, 1, 1, 1, 1, 0, 0),
('0149', 0, 'Nangang', 'Zuoying', '17:20:00', '17:31:00', '17:39:00', NULL, NULL, NULL, '18:20:00', NULL, NULL, NULL, NULL, '19:08:00', 1, 1, 1, 1, 1, 1, 1),
('1658', 1, 'Zuoying', 'Nangang', '17:48:00', '17:36:00', '17:25:00', '17:11:00', '16:57:00', NULL, '16:32:00', NULL, NULL, '16:08:00', '15:48:00', '15:35:00', 0, 0, 0, 0, 1, 1, 1),
('0108', 1, 'Zuoying', 'Nangang', '09:43:00', '09:32:00', '09:21:00', NULL, NULL, NULL, '08:39:00', NULL, NULL, NULL, NULL, '07:55:00', 1, 1, 1, 1, 1, 1, 1),
('1553', 0, 'Nangang', 'Taichung', '19:25:00', '19:36:00', '19:46:00', '20:01:00', '20:12:00', '20:25:00', '21:04:00', NULL, NULL, NULL, NULL, NULL, 0, 0, 0, 0, 1, 0, 1),
('1570', 1, 'Taichung', 'Nangang', '23:13:00', '23:01:00', '22:49:00', '22:36:00', '22:23:00', '22:10:00', '21:51:00', NULL, NULL, NULL, NULL, NULL, 0, 0, 0, 0, 0, 0, 1),
('1214', 1, 'Zuoying', 'Nangang', '11:08:00', '10:57:00', '10:47:00', NULL, NULL, NULL, '10:08:00', NULL, NULL, NULL, '09:28:00', '09:15:00', 0, 0, 0, 0, 0, 1, 0),
('1549', 0, 'Nangang', 'Taichung', '18:25:00', '18:36:00', '18:46:00', '19:01:00', '19:12:00', '19:25:00', '20:04:00', NULL, NULL, NULL, NULL, NULL, 0, 0, 0, 0, 1, 0, 1),
('1254', 1, 'Zuoying', 'Nangang', '21:08:00', '20:57:00', '20:47:00', NULL, NULL, NULL, '20:08:00', NULL, NULL, NULL, '19:28:00', '19:15:00', 0, 0, 0, 0, 1, 0, 1),
('0810', 1, 'Zuoying', 'Nangang', '10:53:00', '10:42:00', '10:32:00', '10:20:00', '10:08:00', '09:56:00', '09:36:00', '09:24:00', '09:12:00', '09:00:00', '08:41:00', '08:25:00', 1, 1, 1, 1, 1, 1, 1),
('1685', 0, 'Nangang', 'Zuoying', '20:10:00', '20:21:00', '20:29:00', '20:43:00', '20:56:00', NULL, '21:25:00', NULL, NULL, '21:50:00', '22:07:00', '22:35:00', 0, 0, 0, 0, 1, 1, 1),
('0621', 0, 'Nangang', 'Zuoying', '09:35:00', '09:46:00', '09:55:00', '10:10:00', '10:22:00', NULL, '10:48:00', NULL, NULL, '11:14:00', '11:33:00', '11:48:00', 1, 1, 1, 1, 1, 1, 1),
('0803', 0, 'Nangang', 'Zuoying', '06:15:00', '06:26:00', '06:34:00', '06:49:00', '07:02:00', '07:13:00', '07:32:00', '07:45:00', '07:56:00', '08:10:00', '08:28:00', '08:43:00', 1, 1, 1, 1, 1, 1, 1),
('0814', 1, 'Zuoying', 'Nangang', '11:53:00', '11:42:00', '11:32:00', '11:20:00', '11:08:00', '10:56:00', '10:36:00', '10:24:00', '10:12:00', '10:00:00', '09:41:00', '09:25:00', 1, 1, 1, 1, 1, 1, 1),
('1646', 1, 'Zuoying', 'Nangang', '15:48:00', '15:36:00', '15:25:00', '15:11:00', '14:57:00', NULL, '14:32:00', NULL, NULL, '14:08:00', '13:48:00', '13:35:00', 0, 0, 0, 0, 0, 1, 1),
('0160', 1, 'Zuoying', 'Nangang', '22:43:00', '22:32:00', '22:21:00', NULL, NULL, NULL, '21:39:00', NULL, NULL, NULL, NULL, '20:55:00', 1, 1, 1, 1, 1, 1, 1),
('0670', 1, 'Zuoying', 'Nangang', '19:48:00', '19:36:00', '19:25:00', '19:11:00', '18:57:00', NULL, '18:32:00', NULL, NULL, '18:08:00', '17:48:00', '17:35:00', 1, 1, 1, 1, 1, 1, 1),
('0667', 0, 'Nangang', 'Zuoying', '17:10:00', '17:21:00', '17:29:00', '17:43:00', '17:56:00', NULL, '18:25:00', NULL, NULL, '18:50:00', '19:07:00', '19:35:00', 1, 1, 1, 1, 1, 1, 1),
('0857', 0, 'Nangang', 'Zuoying', '20:00:00', '20:11:00', '20:19:00', '20:34:00', '20:47:00', '20:58:00', '21:17:00', '21:30:00', '21:41:00', '21:55:00', '22:13:00', '22:28:00', 1, 1, 1, 1, 1, 1, 1),
('0833', 0, 'Nangang', 'Zuoying', '14:00:00', '14:11:00', '14:19:00', '14:34:00', '14:47:00', '14:58:00', '15:17:00', '15:30:00', '15:41:00', '15:55:00', '16:13:00', '16:28:00', 1, 1, 1, 1, 1, 1, 1),
('0669', 0, 'Nangang', 'Zuoying', '17:35:00', '17:46:00', '17:55:00', '18:10:00', '18:22:00', NULL, '18:48:00', NULL, NULL, '19:14:00', '19:33:00', '19:48:00', 1, 1, 1, 1, 1, 1, 1),
('1330', 1, 'Zuoying', 'Nangang', '22:58:00', '22:47:00', '22:36:00', NULL, NULL, NULL, '21:54:00', '21:42:00', '21:31:00', '21:19:00', '20:58:00', '20:45:00', 0, 0, 0, 0, 0, 0, 1),
('0112', 1, 'Zuoying', 'Nangang', '10:43:00', '10:32:00', '10:21:00', NULL, NULL, NULL, '09:39:00', NULL, NULL, NULL, NULL, '08:55:00', 1, 1, 1, 1, 1, 1, 1),
('0663', 0, 'Nangang', 'Zuoying', '16:35:00', '16:46:00', '16:55:00', '17:10:00', '17:22:00', NULL, '17:48:00', NULL, NULL, '18:14:00', '18:33:00', '18:48:00', 1, 1, 1, 1, 1, 1, 1),
('0830', 1, 'Zuoying', 'Nangang', '15:53:00', '15:42:00', '15:32:00', '15:20:00', '15:08:00', '14:56:00', '14:36:00', '14:24:00', '14:12:00', '14:00:00', '13:41:00', '13:25:00', 1, 1, 1, 1, 1, 1, 1),
('0690', 1, 'Zuoying', 'Nangang', '23:18:00', '23:07:00', '22:56:00', '22:43:00', '22:30:00', NULL, '22:05:00', NULL, NULL, '21:37:00', '21:18:00', '21:05:00', 1, 1, 1, 1, 1, 1, 1),
('0124', 1, 'Zuoying', 'Nangang', '13:43:00', '13:32:00', '13:21:00', NULL, NULL, NULL, '12:39:00', NULL, NULL, NULL, NULL, '11:55:00', 1, 1, 1, 1, 1, 1, 1),
('0627', 0, 'Nangang', 'Zuoying', '10:35:00', '10:46:00', '10:55:00', '11:10:00', '11:22:00', NULL, '11:48:00', NULL, NULL, '12:14:00', '12:33:00', '12:48:00', 1, 1, 1, 1, 1, 1, 1),
('0612', 1, 'Zuoying', 'Nangang', '10:13:00', '10:02:00', '09:51:00', '09:38:00', '09:25:00', NULL, '09:00:00', NULL, NULL, '08:32:00', '08:13:00', '08:00:00', 1, 1, 1, 1, 1, 1, 1),
('0113', 0, 'Nangang', 'Zuoying', '08:20:00', '08:31:00', '08:39:00', NULL, NULL, NULL, '09:20:00', NULL, NULL, NULL, NULL, '10:08:00', 1, 1, 1, 1, 1, 1, 1),
('0206', 1, 'Zuoying', 'Nangang', '09:08:00', '08:57:00', '08:47:00', NULL, NULL, NULL, '08:08:00', NULL, NULL, NULL, '07:28:00', '07:15:00', 1, 1, 1, 1, 1, 1, 1),
('0624', 1, 'Zuoying', 'Nangang', '12:13:00', '12:02:00', '11:51:00', '11:38:00', '11:25:00', NULL, '11:00:00', NULL, NULL, '10:32:00', '10:13:00', '10:00:00', 1, 1, 1, 1, 1, 1, 1),
('0129', 0, 'Nangang', 'Zuoying', '12:20:00', '12:31:00', '12:39:00', NULL, NULL, NULL, '13:20:00', NULL, NULL, NULL, NULL, '14:08:00', 1, 1, 1, 1, 1, 1, 1),
('0675', 0, 'Nangang', 'Zuoying', '18:35:00', '18:46:00', '18:55:00', '19:10:00', '19:22:00', NULL, '19:48:00', NULL, NULL, '20:14:00', '20:33:00', '20:48:00', 1, 1, 1, 1, 1, 1, 1),
('0295', 0, 'Nangang', 'Zuoying', '22:05:00', '22:16:00', NULL, '22:35:00', NULL, NULL, '23:07:00', NULL, NULL, '23:30:00', '23:48:00', '00:17:00', 1, 1, 1, 1, 1, 1, 1),
('0567', 0, 'Nangang', 'Taichung', '22:50:00', '23:00:00', '23:08:00', '23:21:00', '23:32:00', '23:43:00', '00:14:00', NULL, NULL, NULL, NULL, NULL, 1, 1, 1, 1, 1, 1, 1),
('0161', 0, 'Nangang', 'Zuoying', '20:20:00', '20:31:00', '20:39:00', NULL, NULL, NULL, '21:20:00', NULL, NULL, NULL, NULL, '22:20:00', 1, 1, 1, 1, 1, 1, 1),
('0678', 1, 'Zuoying', 'Nangang', '21:13:00', '21:02:00', '20:51:00', '20:38:00', '20:25:00', NULL, '20:00:00', NULL, NULL, '19:32:00', '19:13:00', '19:00:00', 1, 1, 1, 1, 1, 1, 1),
('0153', 0, 'Nangang', 'Zuoying', '18:20:00', '18:31:00', '18:39:00', NULL, NULL, NULL, '19:20:00', NULL, NULL, NULL, NULL, '20:08:00', 1, 1, 1, 1, 1, 1, 1),
('0805', 0, 'Nangang', 'Zuoying', '07:00:00', '07:11:00', '07:19:00', '07:34:00', '07:47:00', '07:58:00', '08:17:00', '08:30:00', '08:41:00', '08:55:00', '09:13:00', '09:28:00', 1, 1, 1, 1, 1, 1, 1),
('0821', 0, 'Nangang', 'Zuoying', '11:00:00', '11:11:00', '11:19:00', '11:34:00', '11:47:00', '11:58:00', '12:17:00', '12:30:00', '12:41:00', '12:55:00', '13:13:00', '13:28:00', 1, 1, 1, 1, 1, 1, 1),
('1217', 0, 'Nangang', 'Zuoying', '10:40:00', '10:51:00', '10:59:00', NULL, NULL, NULL, '11:40:00', NULL, NULL, NULL, '12:18:00', '12:33:00', 0, 0, 0, 0, 0, 1, 0),
('1245', 0, 'Nangang', 'Zuoying', '17:40:00', '17:51:00', '17:59:00', NULL, NULL, NULL, '18:40:00', NULL, NULL, NULL, '19:18:00', '19:33:00', 0, 0, 0, 0, 1, 0, 1),
('0603', 0, 'Nangang', 'Zuoying', '06:40:00', '06:51:00', '07:00:00', '07:15:00', '07:27:00', NULL, '07:53:00', NULL, NULL, '08:19:00', '08:38:00', '08:53:00', 1, 1, 1, 1, 1, 1, 1),
('0121', 0, 'Nangang', 'Zuoying', '10:20:00', '10:31:00', '10:39:00', NULL, NULL, NULL, '11:20:00', NULL, NULL, NULL, NULL, '12:08:00', 1, 1, 1, 1, 1, 1, 1),
('0648', 1, 'Zuoying', 'Nangang', '16:13:00', '16:02:00', '15:51:00', '15:38:00', '15:25:00', NULL, '15:00:00', NULL, NULL, '14:32:00', '14:13:00', '14:00:00', 1, 1, 1, 1, 1, 1, 1),
('0294', 1, 'Zuoying', 'Nangang', '00:02:00', '23:52:00', '23:42:00', NULL, NULL, NULL, '23:03:00', NULL, NULL, NULL, '22:23:00', '22:10:00', 1, 1, 1, 1, 1, 1, 1),
('0630', 1, 'Zuoying', 'Nangang', '13:13:00', '13:02:00', '12:51:00', '12:38:00', '12:25:00', NULL, '12:00:00', NULL, NULL, '11:32:00', '11:13:00', '11:00:00', 1, 1, 1, 1, 1, 1, 1),
('1264', 1, 'Zuoying', 'Nangang', '23:33:00', '23:21:00', '23:11:00', NULL, NULL, NULL, '22:30:00', NULL, NULL, NULL, '21:53:00', '21:40:00', 0, 0, 0, 0, 1, 0, 1),
('0205', 0, 'Nangang', 'Zuoying', '07:40:00', '07:51:00', '07:59:00', NULL, NULL, NULL, '08:40:00', NULL, NULL, NULL, '09:18:00', '09:45:00', 1, 1, 1, 1, 1, 1, 1),
('0125', 0, 'Nangang', 'Zuoying', '11:20:00', '11:31:00', '11:39:00', NULL, NULL, NULL, '12:20:00', NULL, NULL, NULL, NULL, '13:08:00', 1, 1, 1, 1, 1, 1, 1),
('0120', 1, 'Zuoying', 'Nangang', '12:43:00', '12:32:00', '12:21:00', NULL, NULL, NULL, '11:39:00', NULL, NULL, NULL, NULL, '10:55:00', 1, 1, 1, 1, 1, 1, 1),
('1691', 0, 'Nangang', 'Zuoying', '21:10:00', '21:21:00', '21:29:00', '21:43:00', '21:56:00', NULL, '22:25:00', NULL, NULL, '22:50:00', '23:07:00', '23:35:00', 0, 0, 0, 0, 1, 0, 0),
('0672', 1, 'Zuoying', 'Nangang', '20:13:00', '20:02:00', '19:51:00', '19:38:00', '19:25:00', NULL, '19:00:00', NULL, NULL, '18:32:00', '18:13:00', '18:00:00', 1, 1, 1, 1, 1, 1, 1);

-- --------------------------------------------------------

--
-- 資料表結構 `universityDiscount`
--

CREATE TABLE `universityDiscount` (
  `TrainNo` varchar(10) CHARACTER SET utf8 COLLATE utf8_bin NOT NULL,
  `Monday` float NOT NULL,
  `Tuesday` float NOT NULL,
  `Wednesday` float NOT NULL,
  `Thursday` float NOT NULL,
  `Friday` float NOT NULL,
  `Saturday` float NOT NULL,
  `Sunday` float NOT NULL
) ENGINE=InnoDB DEFAULT CHARSET=utf8mb4 COLLATE=utf8mb4_0900_ai_ci;

--
-- 資料表的匯出資料 `universityDiscount`
--

INSERT INTO `universityDiscount` (`TrainNo`, `Monday`, `Tuesday`, `Wednesday`, `Thursday`, `Friday`, `Saturday`, `Sunday`) VALUES
('0583', 0.5, 0.5, 0.5, 0.5, 0.5, 0.7, 0.5),
('0803', 0.7, 0.7, 0.7, 0.7, 0.7, 1, 0.7),
('0603', 1, 1, 1, 1, 1, 1, 0.7),
('0805', 0.7, 1, 1, 1, 1, 1, 1),
('1505', 0.7, 0.7, 0.7, 0.7, 0.7, 1, 0),
('0809', 0.7, 0.7, 0.7, 1, 1, 1, 0.7),
('1307', 0, 0.7, 0.7, 0.7, 0, 0, 0),
('0813', 0.7, 0.7, 0.7, 0.7, 1, 1, 0.7),
('0817', 0.7, 0.7, 0.7, 0.7, 0.7, 1, 0.7),
('0625', 0.7, 0.7, 0.7, 0.7, 1, 1, 0.7),
('0821', 0.7, 0.7, 0.7, 0.7, 0.85, 0.85, 0.7),
('0825', 0.7, 0.7, 0.7, 0.7, 0.85, 1, 0.7),
('0829', 1, 1, 1, 1, 0.85, 0.85, 0.85),
('1643', 0, 0, 0, 0, 1, 1, 0.85),
('0841', 0.7, 0.7, 0.7, 0.7, 1, 1, 1),
('0661', 0.7, 0.7, 0.7, 1, 1, 1, 1),
('0845', 0.7, 0.7, 0.7, 0.7, 1, 0.85, 1),
('1545', 0, 0, 0, 0, 0.85, 0, 0),
('0849', 0.7, 0.7, 0.7, 0.7, 1, 0.7, 1),
('1549', 0, 0, 0, 0, 1, 0, 0.85),
('0675', 0.7, 0.7, 0.7, 1, 1, 1, 1),
('0249', 0.7, 0.7, 0.7, 1, 1, 1, 1),
('0853', 0.7, 0.7, 0.7, 0.7, 1, 0.7, 1),
('1679', 0, 0, 0, 0, 1, 0.7, 1),
('1553', 0, 0, 0, 0, 1, 0, 0.85),
('857', 0.7, 0.7, 0.7, 0.7, 1, 0.7, 0.85),
('1685', 0, 0, 0, 0, 1, 0.7, 1),
('1557', 0, 0, 0, 0, 0.85, 0, 0.85),
('0861', 0.7, 0.7, 0.7, 0.7, 1, 0.7, 0.85),
('0693', 0.7, 0.7, 0.7, 0.7, 1, 0.7, 1),
('0333', 0.5, 0.5, 0.5, 0.7, 0.85, 0.7, 0.85),
('1563', 0, 0, 0, 0, 0.85, 0, 0.7),
('0295', 0.7, 0.7, 0.7, 0.7, 1, 1, 1),
('0565', 0.5, 0.5, 0.5, 0.5, 0.85, 0.7, 0.7),
('0567', 0.5, 0.5, 0.5, 0.5, 0.85, 0.7, 0.7),
('0502', 1, 0.7, 0.7, 0.7, 0.7, 0.7, 0.7),
('1504', 0.7, 0.5, 0.5, 0.5, 0.5, 0, 0),
('0300', 1, 0.7, 0.7, 0.7, 1, 1, 0.7),
('1508', 1, 0.7, 0.7, 0.7, 0.7, 0.7, 0),
('1510', 0.7, 0, 0, 0, 0, 0, 0),
('0802', 0.7, 0.7, 0.7, 0.7, 0.7, 1, 0.7),
('1302', 0.7, 0.5, 0.5, 0.5, 0.5, 0, 0),
('0606', 0.7, 0.7, 0.7, 0.7, 0.7, 1, 0.7),
('1514', 0.7, 0.7, 0.7, 0.7, 0.7, 0, 0),
('0806', 0.7, 0.7, 0.7, 0.7, 0.7, 0.85, 0.7),
('0810', 0.7, 0.7, 0.7, 0.7, 0.7, 1, 0.7),
('0814', 1, 0.7, 0.7, 0.7, 1, 1, 1),
('0818', 0.85, 0.7, 0.7, 0.7, 0.7, 0.85, 0.7),
('0628', 1, 0.7, 0.7, 1, 1, 1, 1),
('0822', 0.85, 0.7, 0.7, 0.7, 0.85, 1, 1),
('0826', 0.85, 0.7, 0.7, 0.7, 1, 0.7, 0.7),
('1538', 0, 0, 0, 0, 0, 0, 0.85),
('0830', 1, 1, 1, 1, 1, 0.7, 0.85),
('0834', 1, 1, 1, 1, 1, 0.7, 1),
('1546', 0, 0, 0, 0, 0.85, 0, 1),
('0838', 1, 1, 1, 1, 0.85, 1, 1),
('0842', 0.7, 0.7, 0.7, 0.7, 0.85, 1, 1),
('0846', 0.7, 0.7, 0.7, 0.7, 1, 0.7, 1),
('0850', 0.7, 0.7, 0.7, 0.7, 1, 0.7, 1),
('0854', 1, 0.7, 0.7, 0.7, 0.85, 0.7, 1),
('0858', 0.7, 0.7, 0.7, 0.7, 0.85, 0.7, 0.85),
('1688', 0, 0, 0, 0, 1, 0.7, 1),
('1330', 0, 0, 0, 0, 0, 0, 0.85),
('1570', 0, 0, 0, 0, 0, 0, 0.85),
('0690', 0.7, 0.7, 0.7, 0.7, 1, 1, 1),
('0862', 0.7, 0.7, 0.7, 0.7, 0.85, 1, 1),
('0696', 0.5, 0.5, 0.5, 0.5, 0.7, 0.7, 1),
('0294', 0.7, 0.7, 0.7, 0.7, 0.7, 1, 1),
('0598', 0.5, 0.5, 0.5, 0.5, 0.5, 0.5, 0.5);
COMMIT;

/*!40101 SET CHARACTER_SET_CLIENT=@OLD_CHARACTER_SET_CLIENT */;
/*!40101 SET CHARACTER_SET_RESULTS=@OLD_CHARACTER_SET_RESULTS */;
/*!40101 SET COLLATION_CONNECTION=@OLD_COLLATION_CONNECTION */;
